Date,Time,Zone,UTC,Score,Probability,mercury_RA,venus_RA,earth_RA,mars_RA,jupiter_RA,saturn_RA,mercury_Dec,venus_Dec,earth_Dec,mars_Dec,jupiter_Dec,saturn_Dec
2024-01-01,00:00,-5,2024-01-01 05:00,-6,0.0,149.71,187.18,100.8,257.62,43.38,339.9,19.74,0.37,23.06,-23.86,15.47,-10.34
2024-02-01,00:00,-5,2024-02-01 05:00,9,13.5,251.38,234.21,133.94,276.9,46.16,340.85,-25.32,-18.16,17.34,-24.64,16.29,-9.99
2024-03-01,00:00,-5,2024-03-01 05:00,-5,0.0,350.26,283.47,162.25,295.68,48.77,341.74,-10.9,-24.34,7.53,-23.03,17.03,-9.67
2024-04-01,00:00,-5,2024-04-01 05:00,32,48.0,163.82,334.53,190.69,315.66,51.58,342.69,13.95,-14.07,-4.6,-18.77,17.78,-9.31
2024-05-01,00:00,-5,2024-05-01 05:00,9,13.5,257.46,18.61,218.56,334.26,54.32,343.61,-26.52,4.78,-15.12,-12.6,18.47,-8.97
2024-06-01,00:00,-5,2024-06-01 05:00,24,36.0,6.9,66.99,249.29,352.57,57.16,344.56,-2.22,21.28,-22.07,-4.92,19.13,-8.61
2024-07-01,00:00,-5,2024-07-01 05:00,-18,0.0,176.0,119.65,280.36,9.63,59.92,345.47,8.01,22.9,-23.09,2.87,19.73,-8.27
2024-08-01,00:00,-5,2024-08-01 05:00,7,10.5,269.89,169.83,311.54,26.94,62.78,346.42,-28.1,8.07,-17.98,10.41,20.31,-7.9
2024-09-01,00:00,-5,2024-09-01 05:00,14,21.0,25.58,215.89,340.52,44.23,65.65,347.37,7.81,-12.0,-8.23,16.73,20.83,-7.54
2024-10-01,00:00,-5,2024-10-01 05:00,14,21.0,190.11,264.88,7.51,61.05,68.44,348.29,0.47,-23.87,3.24,21.22,21.29,-7.18
2024-11-01,00:00,-5,2024-11-01 05:00,6,9.0,282.85,317.71,36.54,78.34,71.33,349.24,-28.54,-19.27,14.47,23.93,21.72,-6.81
2024-12-01,00:00,-5,2024-12-01 05:00,16,24.0,41.68,3.08,67.46,94.68,74.13,350.16,15.53,-2.23,21.82,24.67,22.08,-6.45
2025-01-01,00:00,-5,2025-01-01 05:00,-1,0.0,202.73,49.42,101.62,110.79,77.03,351.11,-6.32,16.73,23.01,23.67,22.4,-6.07
2025-02-01,00:00,-5,2025-02-01 05:00,2,3.0,296.31,102.54,134.7,125.92,79.93,352.06,-27.69,24.37,17.13,21.17,22.67,-5.69
2025-03-01,00:00,-5,2025-03-01 05:00,-1,0.0,53.72,150.22,162.01,138.71,82.55,352.92,20.27,15.56,7.63,17.9,22.87,-5.35
2025-04-01,00:00,-5,2025-04-01 05:00,-3,0.0,208.74,196.89,190.46,152.07,85.44,353.87,-9.43,-4.02,-4.5,13.42,23.04,-4.97
2025-05-01,00:00,-5,2025-05-01 05:00,-1,0.0,299.83,243.35,218.31,164.43,88.23,354.79,-27.25,-20.5,-15.04,8.48,23.16,-4.6
2025-06-01,00:00,-5,2025-06-01 05:00,28,42.0,80.53,296.57,249.02,176.93,91.11,355.74,27.02,-23.3,-22.04,2.95,23.22,-4.21
2025-07-01,00:00,-5,2025-07-01 05:00,6,9.0,217.48,344.48,280.1,189.1,93.89,356.66,-13.65,-10.28,-23.11,-2.63,23.23,-3.83
2025-08-01,00:00,-5,2025-08-01 05:00,36,54.0,313.86,29.82,311.3,202.14,96.75,357.62,-24.56,9.59,-18.04,-8.41,23.2,-3.44
2025-09-01,00:00,-5,2025-09-01 05:00,-8,0.0,108.95,80.06,340.3,216.07,99.59,358.57,28.32,23.38,-8.32,-13.94,23.11,-3.05
2025-10-01,00:00,-5,2025-10-01 05:00,12,18.0,228.92,132.68,7.28,230.81,102.32,359.5,-18.5,20.49,3.14,-18.7,22.97,-2.67
2025-11-01,00:00,-5,2025-11-01 05:00,-5,0.0,328.35,181.15,36.29,247.65,105.13,0.46,-20.23,3.1,14.39,-22.49,22.79,-2.28
2025-12-01,00:00,-5,2025-12-01 05:00,-13,0.0,128.76,226.1,67.18,265.55,107.82,1.39,25.71,-15.66,21.78,-24.48,22.56,-1.89
